Nama Produk,Harga,Link,Gambar
ADIDAS – alphabounce+ sustainable bounce shoes,Rp1.400.000,https://sepatuindonesia.com/produk/adidas-alphabounce-sustainable-bounce-shoes/,https://sepatuindonesia.com/wp-content/uploads/2022/09/adidas-0922-7875883-1-1-600x600.webp
ADIDAS – nmd_r1 shoes black,Rp2.300.000,https://sepatuindonesia.com/produk/adidas-nmd_r1-shoes-black/,https://sepatuindonesia.com/wp-content/uploads/2022/09/adidas-0028-6385292-1-600x600.webp
ADIDAS – questar shoes,Rp1.300.000,https://sepatuindonesia.com/produk/adidas-questar-shoes/,https://sepatuindonesia.com/wp-content/uploads/2022/09/adidas-0226-8668414-1-600x600.webp
Adidas – Runfalcon 3 Lace Shoes,Rp650.000,https://sepatuindonesia.com/produk/adidas-runfalcon-3-lace-shoes/,https://sepatuindonesia.com/wp-content/uploads/2022/09/adidas-8636-4118414-1-1-600x600.webp
ADIDAS – samba og,Rp2.200.000,https://sepatuindonesia.com/produk/adidas-samba-og/,https://sepatuindonesia.com/wp-content/uploads/2024/01/adidas-4653-9734232-1-600x600.webp
ADIDAS – samba og sneakers,Rp2.200.000,https://sepatuindonesia.com/produk/adidas-samba-og-sneakers/,https://sepatuindonesia.com/wp-content/uploads/2024/01/adidas-1983-7222042-1-600x600.webp
ADIDAS – ultraboost 1.0 shoes,Rp3.300.000,https://sepatuindonesia.com/produk/adidas-ultraboost-1-0-shoes/,https://sepatuindonesia.com/wp-content/uploads/2022/09/adidas-4602-0448414-1-600x600.webp
ADIDAS – ultraboost light running shoes,Rp3.300.000,https://sepatuindonesia.com/produk/adidas-ultraboost-light-running-shoes/,https://sepatuindonesia.com/wp-content/uploads/2022/09/adidas-3382-5485883-1-1-600x600.webp
ADIDAS forum mid shoes,Rp1.170.000,https://sepatuindonesia.com/produk/adidas-forum-mid-shoes/,https://sepatuindonesia.com/wp-content/uploads/2022/09/adidas-9689-8025062-1-600x600.webp
ADIDAS Nmd_r1 Shoes,Rp2.185.000,https://sepatuindonesia.com/produk/sport-loop-pink/,https://sepatuindonesia.com/wp-content/uploads/2022/09/adidas-6464-2968414-1-600x600.webp
ADIDAS Ultraboost 1.0 Shoes,Rp2.145.000,https://sepatuindonesia.com/produk/woven-nylon-apple/,https://sepatuindonesia.com/wp-content/uploads/2022/09/adidas-5960-4408414-1-1-600x600.webp
ADIDAS ZX 5K BOOST Shoes,Rp2.556.197,https://sepatuindonesia.com/produk/adidas-zx-5k-boost-shoes/,https://sepatuindonesia.com/wp-content/uploads/2022/09/adidas-1997-8697414-1-600x600.webp
