Brand,Nama Produk,Harga,Link,Gambar
Converse,Chuck Taylor 70's - Hi,Rp 1.299.000,https://www.zalora.co.id/p/converse-chuck-taylor-70-s-hi-black-1609387,https://dynamic.zacdn.com/0gprAdM6B3lb1V3nDQ8a1KuFhi0=/0x770/filters:quality(70):format(webp)/https://static-id.zacdn.com/p/converse-3528-7839061-1.jpg
Converse,Chuck Taylor 70's - Ox,Rp 841.698,https://www.zalora.co.id/p/converse-chuck-taylor-70-s-ox-white-1609386,https://dynamic.zacdn.com/6L4-OrLJFQopyBQYFOOe48oX7XA=/0x770/filters:quality(70):format(webp)/https://static-id.zacdn.com/p/converse-4036-6839061-1.jpg
Converse,Run Star Hike - Hi,Rp 654.654,https://www.zalora.co.id/p/converse-run-star-hike-hi-black-3106651,https://dynamic.zacdn.com/ITyk1swoRYJlIodU_jPEtqfM1fg=/0x770/filters:quality(70):format(webp)/https://static-id.zacdn.com/p/converse-7637-1566013-1.jpg
Converse,Run Star Trainer Shoes,Rp 1.019.150,https://www.zalora.co.id/p/converse-run-star-trainer-shoes-green-4940607,https://dynamic.zacdn.com/2CE1xsmiw9BB9x9DmxjKLeplSt4=/0x770/filters:quality(70):format(webp)/https://static-id.zacdn.com/p/converse-2234-7060494-1.jpg
Converse,Omni Trainer,Rp 1.299.000,https://www.zalora.co.id/p/converse-omni-trainer-brown-4822178,https://dynamic.zacdn.com/sL1UtAGCmh6UWdI_RvfDN3wVL7Y=/0x770/filters:quality(70):format(webp)/https://static-id.zacdn.com/p/converse-6411-8712284-1.jpg
Converse,45In Lace,Rp 41.650,https://www.zalora.co.id/p/converse-45in-lace-white-4705355,https://dynamic.zacdn.com/MWUzbaBUlYgu_USEpqCANuBImpQ=/0x770/filters:quality(70):format(webp)/https://static-id.zacdn.com/p/converse-4160-5535074-1.jpg
Converse,Pro Blaze Classic,Rp 948.270,https://www.zalora.co.id/p/converse-pro-blaze-classic-beige-4829169,https://dynamic.zacdn.com/jz9kjas1fe9gFjPPnCCDnpPU5nE=/0x770/filters:quality(70):format(webp)/https://static-id.zacdn.com/p/converse-2164-9619284-1.jpg
Converse,45In Chuck 70 Lace,Rp 50.150,https://www.zalora.co.id/p/converse-45in-chuck-70-lace-white-4705898,https://dynamic.zacdn.com/hRJE-r_GS6VgwQj_j-vTDlRM_Yc=/0x770/filters:quality(70):format(webp)/https://static-id.zacdn.com/p/converse-5008-8985074-1.jpg
Converse,54In Lace,Rp 41.650,https://www.zalora.co.id/p/converse-54in-lace-white-4705359,https://dynamic.zacdn.com/1Mah-juishR3nUFFQW0CCThOI-M=/0x770/filters:quality(70):format(webp)/https://static-id.zacdn.com/p/converse-4161-9535074-1.jpg
Converse,Run Star Trainer Shoes,Rp 1.019.150,https://www.zalora.co.id/p/converse-run-star-trainer-shoes-beige-4940608,https://dynamic.zacdn.com/bj_jlmajfO1jzRwGD03Ds79aDpw=/0x770/filters:quality(70):format(webp)/https://static-id.zacdn.com/p/converse-2573-8060494-1.jpg
Converse,One Star 95 Sneakers,Rp 1.104.150,https://www.zalora.co.id/p/converse-one-star-95-sneakers-black-4940358,https://dynamic.zacdn.com/Jlb7A3oeac_gFm16oWQn9NMEnfE=/0x770/filters:quality(70):format(webp)/https://static-id.zacdn.com/p/converse-2579-8530494-1.jpg
Converse,54In Chuck 70 Lace,Rp 50.150,https://www.zalora.co.id/p/converse-54in-chuck-70-lace-beige-4705777,https://dynamic.zacdn.com/cwJ_bx_ImXKL7djfQJY5v1SnKwg=/0x770/filters:quality(70):format(webp)/https://static-id.zacdn.com/p/converse-0349-7775074-1.jpg
Converse,Chuck Taylor All Star - Hi,Rp 810.576,https://www.zalora.co.id/p/converse-chuck-taylor-all-star-hi-black-3093422,https://dynamic.zacdn.com/rKb_TrTArNOHeDrfx0KT1MNfGQU=/0x770/filters:quality(70):format(webp)/https://static-id.zacdn.com/p/converse-6201-2243903-1.jpg
Converse,Chuck Taylor All Star Loafers,Rp 1.019.150,https://www.zalora.co.id/p/converse-chuck-taylor-all-star-loafers-black-4919739,https://dynamic.zacdn.com/fFyESWaCWb6u1miRKK_f3eMKQ4s=/0x770/filters:quality(70):format(webp)/https://static-id.zacdn.com/p/converse-7660-9379194-1.jpg
Converse,54In Heart Lace,Rp 35.770,https://www.zalora.co.id/p/converse-54in-heart-lace-white-4839836,https://dynamic.zacdn.com/39jAhndwAsXBTOyL3HO42XmkT34=/0x770/filters:quality(70):format(webp)/https://static-id.zacdn.com/p/converse-3915-6389384-1.jpg
Converse,54In Smiley Lace,Rp 35.770,https://www.zalora.co.id/p/converse-54in-smiley-lace-white-4839834,https://dynamic.zacdn.com/qiyEa0j7Rn_5VGLX2r7Zqcj6hvA=/0x770/filters:quality(70):format(webp)/https://static-id.zacdn.com/p/converse-9850-4389384-1.jpg
Converse,Chuck Taylor All Star Canvas - Hi,Rp 899.000,https://www.zalora.co.id/p/converse-chuck-taylor-all-star-canvas-hi-black-2346613,https://dynamic.zacdn.com/NWc-oiH5Xrd1ZaJxo0rPc-vhn1A=/0x770/filters:quality(70):format(webp)/https://static-id.zacdn.com/p/converse-3600-3166432-1.jpg
Converse,Chuck Taylor 70's - Hi,Rp 861.237,https://www.zalora.co.id/p/converse-chuck-taylor-70-s-hi-white-2976467,https://dynamic.zacdn.com/w3ZPqYKbSnpg9i_I1VC5Rz4f83E=/0x770/filters:quality(70):format(webp)/https://static-id.zacdn.com/p/converse-4834-7646792-1.jpg
Converse,Chuck 70,Rp 948.270,https://www.zalora.co.id/p/converse-chuck-70-pink-4828954,https://dynamic.zacdn.com/iqeBhq_MTfbJ0gW7ZypAUvZkPIs=/0x770/filters:quality(70):format(webp)/https://static-id.zacdn.com/p/converse-0048-4598284-1.jpg
Converse,Chuck Taylor All Star Sneakers,Rp 390.150,https://www.zalora.co.id/p/converse-chuck-taylor-all-star-sneakers-blue-4941013,https://dynamic.zacdn.com/0bqbBfTRSvPpwzald80aDoIKV3M=/0x770/filters:quality(70):format(webp)/https://static-id.zacdn.com/p/converse-2576-3101494-1.jpg
Converse,36In Lace,Rp 38.220,https://www.zalora.co.id/p/converse-36in-lace-black-4839830,https://dynamic.zacdn.com/mylwvrwmDp7_Mto-0SwCrdwq9Ec=/0x770/filters:quality(70):format(webp)/https://static-id.zacdn.com/p/converse-9274-0389384-1.jpg
Converse,45In Lace,Rp 35.770,https://www.zalora.co.id/p/converse-45in-lace-black-4705357,https://dynamic.zacdn.com/F2SqBFpX3pZd-PLygRw4P_NX-_4=/0x770/filters:quality(70):format(webp)/https://static-id.zacdn.com/p/converse-2068-7535074-1.jpg
Converse,Chuck Taylor All Star Sneakers,Rp 424.150,https://www.zalora.co.id/p/converse-chuck-taylor-all-star-sneakers-white-4920179,https://dynamic.zacdn.com/yQXHipWDysM_PfgZlUuO35rkdxE=/0x770/filters:quality(70):format(webp)/https://static-id.zacdn.com/p/converse-7864-9710294-1.jpg
Converse,Chuck Taylor All Star Lift - Hi,Rp 810.576,https://www.zalora.co.id/p/converse-chuck-taylor-all-star-lift-hi-white-4514604,https://dynamic.zacdn.com/RJf6E1HQpB6oIIaPOAcqqijC62g=/0x770/filters:quality(70):format(webp)/https://static-id.zacdn.com/p/converse-2334-4064154-1.jpg
Converse,45In Smiley Lace,Rp 35.770,https://www.zalora.co.id/p/converse-45in-smiley-lace-white-4839839,https://dynamic.zacdn.com/niBIK-73f9jpTnlGI1Am8cO4O88=/0x770/filters:quality(70):format(webp)/https://static-id.zacdn.com/p/converse-3928-9389384-1.jpg
Converse,Omega Trainer,Rp 999.000,https://www.zalora.co.id/p/converse-omega-trainer-black-4822177,https://dynamic.zacdn.com/JqqS0hu8BIVXZm-qC-2-1TjiH3M=/0x770/filters:quality(70):format(webp)/https://static-id.zacdn.com/p/converse-7269-7712284-1.jpg
Converse,Omega Trainers,Rp 849.150,https://www.zalora.co.id/p/converse-omega-trainers-white-4940353,https://dynamic.zacdn.com/lWrt_htpuWv-gBm9l_U0ZDaG1qs=/0x770/filters:quality(70):format(webp)/https://static-id.zacdn.com/p/converse-4880-3530494-1.jpg
Converse,Chuck Taylor All Star Dainty Mary Jane Flats,Rp 358.020,https://www.zalora.co.id/p/converse-chuck-taylor-all-star-dainty-mary-jane-flats-blue-4920838,https://dynamic.zacdn.com/AuQkX0d5frvWqgNUh915ac6axX8=/0x770/filters:quality(70):format(webp)/https://static-id.zacdn.com/p/converse-1402-8380294-1.jpg
Converse,Chuck Taylor All Star Canvas - Ox,Rp 859.000,https://www.zalora.co.id/p/converse-chuck-taylor-all-star-canvas-ox-black-2346612,https://dynamic.zacdn.com/oa-smPhLnMZPt1Tjx_jSwGBIFR0=/0x770/filters:quality(70):format(webp)/https://static-id.zacdn.com/p/converse-3945-2166432-1.jpg
Converse,Chuck Taylor All Star Canvas - Ox,Rp 536.016,https://www.zalora.co.id/p/converse-chuck-taylor-all-star-canvas-ox-white-2040549,https://dynamic.zacdn.com/YpNe7j2jsY0wl48tvTGFicTDOTM=/0x770/filters:quality(70):format(webp)/https://static-id.zacdn.com/p/converse-9987-9450402-1.jpg
Converse,Chuck 70,Rp 1.199.000,https://www.zalora.co.id/p/converse-chuck-70-beige-4829156,https://dynamic.zacdn.com/YQdaXF7VKK6-XjAGT_f44B2Xplo=/0x770/filters:quality(70):format(webp)/https://static-id.zacdn.com/p/converse-0038-6519284-1.jpg
Converse,Chuck 70 De Luxe Heeled Sneakers,Rp 1.699.150,https://www.zalora.co.id/p/converse-chuck-70-de-luxe-heeled-sneakers-black-4454325,https://dynamic.zacdn.com/KQpEeJzXzOmcBObccqetXVc7XHg=/0x770/filters:quality(70):format(webp)/https://static-id.zacdn.com/p/converse-6416-5234544-1.jpg
Converse,54In Lace,Rp 37.485,https://www.zalora.co.id/p/converse-54in-lace-gold-4839835,https://dynamic.zacdn.com/KpXFDD3YAtXqHZnRrGTOQLP-woI=/0x770/filters:quality(70):format(webp)/https://static-id.zacdn.com/p/converse-9272-5389384-1.jpg
Converse,Chuck Taylor All Star Move,Rp 810.576,https://www.zalora.co.id/p/converse-chuck-taylor-all-star-move-white-3094404,https://dynamic.zacdn.com/EutPdvKB2HNqWOG1Apwefns57z4=/0x770/filters:quality(70):format(webp)/https://static-id.zacdn.com/p/converse-6032-4044903-1.jpg
Converse,Chuck Taylor All Star - Ox,Rp 748.176,https://www.zalora.co.id/p/converse-chuck-taylor-all-star-ox-black-3093421,https://dynamic.zacdn.com/cRCxugM8utqJejO_pKht1FUIBxU=/0x770/filters:quality(70):format(webp)/https://static-id.zacdn.com/p/converse-4114-1243903-1.jpg
Converse,45In Neon Lace,Rp 34.398,https://www.zalora.co.id/p/converse-45in-neon-lace-green-4839837,https://dynamic.zacdn.com/JsyD9clJDkt04pQbzwbA6-wWWYw=/0x770/filters:quality(70):format(webp)/https://static-id.zacdn.com/p/converse-8752-7389384-1.jpg
Converse,54In Lace,Rp 35.770,https://www.zalora.co.id/p/converse-54in-lace-black-4705358,https://dynamic.zacdn.com/qe8UMIP8UrV9cFo7oqMT2OjGJvc=/0x770/filters:quality(70):format(webp)/https://static-id.zacdn.com/p/converse-2066-8535074-1.jpg
Converse,Chuck Taylor All Star Move,Rp 794.937,https://www.zalora.co.id/p/converse-chuck-taylor-all-star-move-white-3094400,https://dynamic.zacdn.com/kAniRrn2K0R_L_aPAhWPJpxmQDk=/0x770/filters:quality(70):format(webp)/https://static-id.zacdn.com/p/converse-4295-0044903-1.jpg
Converse,Run Star Hike - Ox,Rp 685.776,https://www.zalora.co.id/p/converse-run-star-hike-ox-black-3106648,https://dynamic.zacdn.com/IB3dz1L15vbXFGrkKUHQLXhxftw=/0x770/filters:quality(70):format(webp)/https://static-id.zacdn.com/p/converse-8055-8466013-1.jpg
Converse,Chuck Taylor Lugged Heel Mary Jane,Rp 1.079.325,https://www.zalora.co.id/p/converse-chuck-taylor-lugged-heel-mary-jane-black-4822173,https://dynamic.zacdn.com/FvPGSqVuQnAxMDoCAUacW0oxHyU=/0x770/filters:quality(70):format(webp)/https://static-id.zacdn.com/p/converse-5178-3712284-1.jpg
Converse,Star Player 76,Rp 1.199.000,https://www.zalora.co.id/p/converse-star-player-76-white-4692554,https://dynamic.zacdn.com/l3yBR6C08cqpisWiQhq9nhrd400=/0x770/filters:quality(70):format(webp)/https://static-id.zacdn.com/p/converse-7601-4552964-1.jpg
Converse,45In Heart Lace,Rp 35.770,https://www.zalora.co.id/p/converse-45in-heart-lace-white-4839833,https://dynamic.zacdn.com/hEyUape0A4BFVLjig_mEiZPFcXs=/0x770/filters:quality(70):format(webp)/https://static-id.zacdn.com/p/converse-9851-3389384-1.jpg
Converse,Chuck Taylor All Star Canvas - Ox,Rp 859.000,https://www.zalora.co.id/p/converse-chuck-taylor-all-star-canvas-ox-navy-2364313,https://dynamic.zacdn.com/bDFoXJGV_pUrpKUqOWshAcuX3MA=/0x770/filters:quality(70):format(webp)/https://static-id.zacdn.com/p/converse-8325-3134632-1.jpg
Converse,One Star 95 Sneakers,Rp 1.104.150,https://www.zalora.co.id/p/converse-one-star-95-sneakers-navy-4940356,https://dynamic.zacdn.com/4w_P0f7kB8RDjyLBQUK7J30chTg=/0x770/filters:quality(70):format(webp)/https://static-id.zacdn.com/p/converse-2242-6530494-1.jpg
Converse,45In Lace,Rp 37.485,https://www.zalora.co.id/p/converse-45in-lace-silver-4705370,https://dynamic.zacdn.com/rNvsujJDN0FOt6gxBchbXaCGglk=/0x770/filters:quality(70):format(webp)/https://static-id.zacdn.com/p/converse-5011-0735074-1.jpg
Converse,36In Lace,Rp 38.220,https://www.zalora.co.id/p/converse-36in-lace-white-4839827,https://dynamic.zacdn.com/bBz4VYiWzugWfw8e25_PNX23H_g=/0x770/filters:quality(70):format(webp)/https://static-id.zacdn.com/p/converse-9849-7289384-1.jpg
Converse,27In Lace,Rp 38.220,https://www.zalora.co.id/p/converse-27in-lace-white-4920754,https://dynamic.zacdn.com/YERLdNfNG4KoWvK6TGBat__3lMg=/0x770/filters:quality(70):format(webp)/https://static-id.zacdn.com/p/converse-1052-4570294-1.jpg
Converse,Chuck Taylor All Star,Rp 741.825,https://www.zalora.co.id/p/converse-chuck-taylor-all-star-black-4822184,https://dynamic.zacdn.com/shcIK5OHgkQ5v984HDD_0AMupLU=/0x770/filters:quality(70):format(webp)/https://static-id.zacdn.com/p/converse-2834-4812284-1.jpg
Converse,Chuck Taylor All Star Move,Rp 794.937,https://www.zalora.co.id/p/converse-chuck-taylor-all-star-move-black-3094399,https://dynamic.zacdn.com/3oaGJ8lNOcsSybULfKwvJcAz0lE=/0x770/filters:quality(70):format(webp)/https://static-id.zacdn.com/p/converse-6026-9934903-1.jpg
Converse,Chuck 70,Rp 1.499.000,https://www.zalora.co.id/p/converse-chuck-70-white-4953964,https://dynamic.zacdn.com/Mx4PEBtElz8yaiJzZIFQXE6BPPY=/0x770/filters:quality(70):format(webp)/https://static-id.zacdn.com/p/converse-2620-4693594-1.jpg
Converse,Chuck 70,Rp 876.825,https://www.zalora.co.id/p/converse-chuck-70-black-4828955,https://dynamic.zacdn.com/veDMSVgyPN35fC0oagytlmdnrd0=/0x770/filters:quality(70):format(webp)/https://static-id.zacdn.com/p/converse-9818-5598284-1.jpg
Converse,45In Lace,Rp 32.487,https://www.zalora.co.id/p/converse-45in-lace-navy-4705356,https://dynamic.zacdn.com/Gh4WRcVNgdIwNbbEEOoQnT4w3IQ=/0x770/filters:quality(70):format(webp)/https://static-id.zacdn.com/p/converse-4802-6535074-1.jpg
Converse,Chuck Taylor All Star Shoreline,Rp 799.000,https://www.zalora.co.id/p/converse-chuck-taylor-all-star-shoreline-black-1588859,https://dynamic.zacdn.com/0xksgEBB9pm9xs8D88QA5lRlS4k=/0x770/filters:quality(70):format(webp)/https://static-id.zacdn.com/p/converse-2165-9588851-1.jpg
Converse,54In Chuck 70 Lace,Rp 43.070,https://www.zalora.co.id/p/converse-54in-chuck-70-lace-black-3402440,https://dynamic.zacdn.com/ikyDpLCU5id020ttIhzpEVah6JE=/0x770/filters:quality(70):format(webp)/https://static-id.zacdn.com/p/converse-9352-0442043-1.jpg
Converse,45In Lace,Rp 37.485,https://www.zalora.co.id/p/converse-45in-lace-gold-4839840,https://dynamic.zacdn.com/nd74ubZ7vy3W4caxZJ5VD_6u86w=/0x770/filters:quality(70):format(webp)/https://static-id.zacdn.com/p/converse-8764-0489384-1.jpg
Converse,54In Lace,Rp 32.487,https://www.zalora.co.id/p/converse-54in-lace-navy-4705368,https://dynamic.zacdn.com/J8I326XkHljlVEw0Brw8gtraXqI=/0x770/filters:quality(70):format(webp)/https://static-id.zacdn.com/p/converse-2067-8635074-1.jpg
Converse,Chuck Taylor All Star Canvas - Hi,Rp 560.976,https://www.zalora.co.id/p/converse-chuck-taylor-all-star-canvas-hi-black-2352675,https://dynamic.zacdn.com/qdyFvDX7wOkPRA0Gu7rszWgIO3s=/0x770/filters:quality(70):format(webp)/https://static-id.zacdn.com/p/converse-0776-5762532-1.jpg
Converse,Omega Trainers,Rp 849.150,https://www.zalora.co.id/p/converse-omega-trainers-grey-4940352,https://dynamic.zacdn.com/MrxmdNSGBSnUKp0ERfEKNJqL9x0=/0x770/filters:quality(70):format(webp)/https://static-id.zacdn.com/p/converse-4652-2530494-1.jpg
Converse,45In Lace,Rp 28.665,https://www.zalora.co.id/p/converse-45in-lace-red-4705360,https://dynamic.zacdn.com/K8W5xfNLLSpvdGyEIdNM7EEvdPs=/0x770/filters:quality(70):format(webp)/https://static-id.zacdn.com/p/converse-3276-0635074-1.jpg
Converse,27In Lace,Rp 38.220,https://www.zalora.co.id/p/converse-27in-lace-black-4920755,https://dynamic.zacdn.com/soLFeRGl6dvsOEd-VOhmKSHQA30=/0x770/filters:quality(70):format(webp)/https://static-id.zacdn.com/p/converse-0927-5570294-1.jpg
Converse,Chuck Taylor Lugged Heel Mary Jane,Rp 1.079.325,https://www.zalora.co.id/p/converse-chuck-taylor-lugged-heel-mary-jane-beige-4822172,https://dynamic.zacdn.com/2e7JUdDfooJc7pDZ4gK_i2QKShM=/0x770/filters:quality(70):format(webp)/https://static-id.zacdn.com/p/converse-6212-2712284-1.jpg
Converse,Chuck Taylor All Star,Rp 809.325,https://www.zalora.co.id/p/converse-chuck-taylor-all-star-green-4829166,https://dynamic.zacdn.com/S8HL0JHyN7jcUmyOjPQ3BJMYbFA=/0x770/filters:quality(70):format(webp)/https://static-id.zacdn.com/p/converse-0051-6619284-1.jpg
Converse,Run Star Hike - Hi,Rp 654.654,https://www.zalora.co.id/p/converse-run-star-hike-hi-white-3106649,https://dynamic.zacdn.com/xUuXFzlzTurBNuhXLM3TSFxoKLY=/0x770/filters:quality(70):format(webp)/https://static-id.zacdn.com/p/converse-7638-9466013-1.jpg
Converse,Chuck Taylor All Star Lift - Ox,Rp 1.199.000,https://www.zalora.co.id/p/converse-chuck-taylor-all-star-lift-ox-white-4514605,https://dynamic.zacdn.com/ImzT8lsjlQCSZ7UTHKzDoGUp-Gc=/0x770/filters:quality(70):format(webp)/https://static-id.zacdn.com/p/converse-2126-5064154-1.jpg
Converse,Chuck 70 Wedge,Rp 1.399.100,https://www.zalora.co.id/p/converse-chuck-70-wedge-brown-4839222,https://dynamic.zacdn.com/G22lcAlE71i4nVJBkTKYbUgbix4=/0x770/filters:quality(70):format(webp)/https://static-id.zacdn.com/p/converse-1566-2229384-1.jpg
Converse,Chuck Taylor 70's - Ox,Rp 1.199.000,https://www.zalora.co.id/p/converse-chuck-taylor-70-s-ox-white-2976469,https://dynamic.zacdn.com/GdRZglFSusLOpfVbd8IkZiFnJcE=/0x770/filters:quality(70):format(webp)/https://static-id.zacdn.com/p/converse-4357-9646792-1.jpg
Converse,54In Neon Lace,Rp 35.770,https://www.zalora.co.id/p/converse-54in-neon-lace-yellow-4839838,https://dynamic.zacdn.com/F668kqFnp1wzEUmGbkmxMuj_vVs=/0x770/filters:quality(70):format(webp)/https://static-id.zacdn.com/p/converse-8750-8389384-1.jpg
Converse,Pro Blaze Classic,Rp 948.270,https://www.zalora.co.id/p/converse-pro-blaze-classic-grey-4829173,https://dynamic.zacdn.com/JOGbJo00kQXUlnthTXWo7PQJldA=/0x770/filters:quality(70):format(webp)/https://static-id.zacdn.com/p/converse-2130-3719284-1.jpg
Converse,45In Fat Black Lace,Rp 41.418,https://www.zalora.co.id/p/converse-45in-fat-black-lace-black-4839828,https://dynamic.zacdn.com/lp8ykgEymUSl5L0H7XQ_NhxSS6E=/0x770/filters:quality(70):format(webp)/https://static-id.zacdn.com/p/converse-9273-8289384-1.jpg
Converse,45In Fat White Lace,Rp 41.418,https://www.zalora.co.id/p/converse-45in-fat-white-lace-white-4839829,https://dynamic.zacdn.com/t2Xp5VffNb002lUsUm444Tzqang=/0x770/filters:quality(70):format(webp)/https://static-id.zacdn.com/p/converse-2241-9289384-1.jpg
Converse,Chuck Taylor All Star Wedge,Rp 1.599.000,https://www.zalora.co.id/p/converse-chuck-taylor-all-star-wedge-black-4953962,https://dynamic.zacdn.com/OFoT7Mlma25Aq4Z2-FubShy-dpM=/0x770/filters:quality(70):format(webp)/https://static-id.zacdn.com/p/converse-2781-2693594-1.jpg
Converse,Run Star Trainer,Rp 1.199.000,https://www.zalora.co.id/p/converse-run-star-trainer-light-blue-white-4953850,https://dynamic.zacdn.com/Ra6gdraWyIKD3SOIWDSI_odc-Bs=/0x770/filters:quality(70):format(webp)/https://static-id.zacdn.com/p/converse-6325-0583594-1.jpg
Converse,Run Star Legacy Cx,Rp 1.499.000,https://www.zalora.co.id/p/converse-run-star-legacy-cx-white-4955051,https://dynamic.zacdn.com/rUsRYyE_g4-ev1tzQgSBuuwVPfs=/0x770/filters:quality(70):format(webp)/https://static-id.zacdn.com/p/converse-6322-1505594-1.jpg
Converse,Chuck Taylor All Star Eva Lift,Rp 560.150,https://www.zalora.co.id/p/converse-chuck-taylor-all-star-eva-lift-grey-4941011,https://dynamic.zacdn.com/x6AU5oaqzF7vXPwuI23NFZVof1s=/0x770/filters:quality(70):format(webp)/https://static-id.zacdn.com/p/converse-1845-1101494-1.jpg
Converse,Chuck 70 Wedge,Rp 1.399.100,https://www.zalora.co.id/p/converse-chuck-70-wedge-brown-4839224,https://dynamic.zacdn.com/La-DIsETvYGV89G76JQxWpMLRJs=/0x770/filters:quality(70):format(webp)/https://static-id.zacdn.com/p/converse-1570-4229384-1.jpg
Converse,Chuck Taylor All Star Eva Lift,Rp 759.000,https://www.zalora.co.id/p/converse-chuck-taylor-all-star-eva-lift-white-4838993,https://dynamic.zacdn.com/yFYxoNjrZduGFkGUny4iSAFuzZM=/0x770/filters:quality(70):format(webp)/https://static-id.zacdn.com/p/converse-1918-3998384-1.jpg
Converse,Chuck Taylor All Star,Rp 809.325,https://www.zalora.co.id/p/converse-chuck-taylor-all-star-beige-4822187,https://dynamic.zacdn.com/i4THHzvKYBxrQ4UQq1VNWne_jVA=/0x770/filters:quality(70):format(webp)/https://static-id.zacdn.com/p/converse-6209-7812284-1.jpg
Converse,Chuck 70,Rp 1.019.150,https://www.zalora.co.id/p/converse-chuck-70-blue-4829155,https://dynamic.zacdn.com/BeWR498ddW0oj55UFUXdk3maEc8=/0x770/filters:quality(70):format(webp)/https://static-id.zacdn.com/p/converse-2138-5519284-1.jpg
Converse,One Star Pro,Rp 876.825,https://www.zalora.co.id/p/converse-one-star-pro-brown-4822169,https://dynamic.zacdn.com/20hsmxloDn34g-LpUAXGVTj8TT8=/0x770/filters:quality(70):format(webp)/https://static-id.zacdn.com/p/converse-7891-9612284-1.jpg
Converse,Chuck Taylor All Star 1V Sneakers,Rp 509.150,https://www.zalora.co.id/p/converse-chuck-taylor-all-star-1v-sneakers-white-4941012,https://dynamic.zacdn.com/Vn5YR911_c98_-lWH2kBYxe5UCI=/0x770/filters:quality(70):format(webp)/https://static-id.zacdn.com/p/converse-2108-2101494-1.jpg
Converse,Chuck Taylor All Star Lift,Rp 1.099.000,https://www.zalora.co.id/p/converse-chuck-taylor-all-star-lift-beige-4829176,https://dynamic.zacdn.com/6MRvY0gJFhsdIDko8TFkWAyzmTk=/0x770/filters:quality(70):format(webp)/https://static-id.zacdn.com/p/converse-2124-6719284-1.jpg
Converse,Star Player 76 Sneakers,Rp 1.104.150,https://www.zalora.co.id/p/converse-star-player-76-sneakers-white-4940354,https://dynamic.zacdn.com/Z061gm8PJAGo9tIsqfcfy798dE4=/0x770/filters:quality(70):format(webp)/https://static-id.zacdn.com/p/converse-9342-4530494-1.jpg
Converse,Chuck Taylor All Star,Rp 1.199.000,https://www.zalora.co.id/p/converse-chuck-taylor-all-star-purple-4692637,https://dynamic.zacdn.com/gurSpFKDLAvfAu3Lnng9F1Vwezk=/0x770/filters:quality(70):format(webp)/https://static-id.zacdn.com/p/converse-4747-7362964-1.jpg
Converse,Chuck 70,Rp 1.199.000,https://www.zalora.co.id/p/converse-chuck-70-beige-4838992,https://dynamic.zacdn.com/pzIPURGM7iVREFHGh_oZ_241Vcs=/0x770/filters:quality(70):format(webp)/https://static-id.zacdn.com/p/converse-1921-2998384-1.jpg
Converse,Chuck Taylor All Star Lift - Hi,Rp 861.237,https://www.zalora.co.id/p/converse-chuck-taylor-all-star-lift-hi-black-4514606,https://dynamic.zacdn.com/oAq3fFfBDtpFK7mA41AnMw4j5dg=/0x770/filters:quality(70):format(webp)/https://static-id.zacdn.com/p/converse-9271-6064154-1.jpg
Converse,Chuck Taylor All Star Lift,Rp 506.610,https://www.zalora.co.id/p/converse-chuck-taylor-all-star-lift-blue-4688727,https://dynamic.zacdn.com/D8Rl52iYgtW08tuZREymNzxYcn4=/0x770/filters:quality(70):format(webp)/https://static-id.zacdn.com/p/converse-4788-7278864-1.jpg
Converse,Chuck 70 Wedge,Rp 1.099.000,https://www.zalora.co.id/p/converse-chuck-70-wedge-black-4705907,https://dynamic.zacdn.com/d6eMVmZkWkU7eRPbF4QgWqV1jV4=/0x770/filters:quality(70):format(webp)/https://static-id.zacdn.com/p/converse-2783-7095074-1.jpg
Converse,Chuck Taylor All Star Canvas - Hi,Rp 560.976,https://www.zalora.co.id/p/converse-chuck-taylor-all-star-canvas-hi-white-2040550,https://dynamic.zacdn.com/r3ndzKgY25dUrWDyhrj838livg8=/0x770/filters:quality(70):format(webp)/https://static-id.zacdn.com/p/converse-9988-0550402-1.jpg
Converse,Chuck Taylor All Star Canvas - Ox,Rp 859.000,https://www.zalora.co.id/p/converse-chuck-taylor-all-star-canvas-ox-black-2346611,https://dynamic.zacdn.com/Sz2suhPqXKgcUj49OvQIFp9Wr9o=/0x770/filters:quality(70):format(webp)/https://static-id.zacdn.com/p/converse-3660-1166432-1.jpg
Converse,Chuck Taylor All Star Loafers,Rp 935.220,https://www.zalora.co.id/p/converse-chuck-taylor-all-star-loafers-multi-4919737,https://dynamic.zacdn.com/kKgvy1rSAkD0qM7lGGkeN20QBVg=/0x770/filters:quality(70):format(webp)/https://static-id.zacdn.com/p/converse-6806-7379194-1.jpg
Converse,Chuck Taylor All Star Canvas - Hi,Rp 899.000,https://www.zalora.co.id/p/converse-chuck-taylor-all-star-canvas-hi-navy-2528274,https://dynamic.zacdn.com/gj30ueA3GEL5xPNs9ZDqSXV1ElY=/0x770/filters:quality(70):format(webp)/https://static-id.zacdn.com/p/converse-9927-4728252-1.jpg
Converse,Omni Trainers,Rp 1.299.000,https://www.zalora.co.id/p/converse-omni-trainers-grey-4941066,https://dynamic.zacdn.com/qrt52UFaBCSLbntA6W5a4iuCbYc=/0x770/filters:quality(70):format(webp)/https://static-id.zacdn.com/p/converse-1837-6601494-1.jpg
Converse,Chuck 70,Rp 1.299.000,https://www.zalora.co.id/p/converse-chuck-70-pink-4953844,https://dynamic.zacdn.com/3hl-57fJ4ToXpouKeSRH_SyH3bY=/0x770/filters:quality(70):format(webp)/https://static-id.zacdn.com/p/converse-5649-4483594-1.jpg
Converse,Star Player 76 Sneakers,Rp 1.104.150,https://www.zalora.co.id/p/converse-star-player-76-sneakers-brown-4940357,https://dynamic.zacdn.com/ALsstPdNKEJA22d2nSJWpj-qFa0=/0x770/filters:quality(70):format(webp)/https://static-id.zacdn.com/p/converse-2015-7530494-1.jpg
Converse,Chuck 70,Rp 701.532,https://www.zalora.co.id/p/converse-chuck-70-purple-4700439,https://dynamic.zacdn.com/L3uwuYk6jKuoKOH8Ug0QQjM9q9U=/0x770/filters:quality(70):format(webp)/https://static-id.zacdn.com/p/converse-4306-9340074-1.jpg
Converse,As-1 Pro,Rp 1.011.825,https://www.zalora.co.id/p/converse-as-1-pro-white-4822170,https://dynamic.zacdn.com/yTAlE-AcLML6hxbidfnoAQqQ2Z0=/0x770/filters:quality(70):format(webp)/https://static-id.zacdn.com/p/converse-8959-0712284-1.jpg
Converse,As-1 Pro,Rp 1.499.000,https://www.zalora.co.id/p/converse-as-1-pro-navy-4953838,https://dynamic.zacdn.com/pJtpJ5jUszOf5N8Xd6NW3IT6G1M=/0x770/filters:quality(70):format(webp)/https://static-id.zacdn.com/p/converse-5328-8383594-1.jpg
Converse,As-1 Pro,Rp 1.499.000,https://www.zalora.co.id/p/converse-as-1-pro-black-4953840,https://dynamic.zacdn.com/9Fh7pD_sQlOEFN2FQY-6eJIou08=/0x770/filters:quality(70):format(webp)/https://static-id.zacdn.com/p/converse-5652-0483594-1.jpg
Converse,Chuck Taylor All Star Lift,Rp 809.325,https://www.zalora.co.id/p/converse-chuck-taylor-all-star-lift-navy-4814270,https://dynamic.zacdn.com/CNrDNrfhWKWVI_luZRbpwqTtr_w=/0x770/filters:quality(70):format(webp)/https://static-id.zacdn.com/p/converse-8356-0724184-1.jpg
Converse,Omni Trainer,Rp 1.299.000,https://www.zalora.co.id/p/converse-omni-trainer-black-grey-white-4953839,https://dynamic.zacdn.com/o2GZCfKLL76UPl94MtFueJcmxpk=/0x770/filters:quality(70):format(webp)/https://static-id.zacdn.com/p/converse-5320-9383594-1.jpg
